{
  "Linear Regression": {
    "train": {
      "rmse": 2.5773411610047323,
      "mae": 1.9112474885633568,
      "r2": 0.6473846845784546,
      "mape": 2.494804221936846
    },
    "test": {
      "rmse": 2.3628999049566772,
      "mae": 1.8121844741892232,
      "r2": 0.622001649342051,
      "mape": 2.2516332452086245
    }
  },
  "Ridge": {
    "train": {
      "rmse": 2.5804994996069217,
      "mae": 1.9089188730675102,
      "r2": 0.6465199477371528,
      "mape": 2.4924303655851405
    },
    "test": {
      "rmse": 2.325251043519048,
      "mae": 1.764305173550287,
      "r2": 0.6339512306532054,
      "mape": 2.192492798289548
    }
  },
  "Lasso": {
    "train": {
      "rmse": 2.6388376321204756,
      "mae": 1.918707092914213,
      "r2": 0.6303568267112312,
      "mape": 2.506554290779205
    },
    "test": {
      "rmse": 2.3635548319144717,
      "mae": 1.7919827319533623,
      "r2": 0.621792080060071,
      "mape": 2.2403900172879245
    }
  },
  "ElasticNet": {
    "train": {
      "rmse": 2.6880492087109986,
      "mae": 1.9426481901245136,
      "r2": 0.6164413495761991,
      "mape": 2.539027450313117
    },
    "test": {
      "rmse": 2.2639304156462186,
      "mae": 1.6779821831951347,
      "r2": 0.6530032528376954,
      "mape": 2.089499229829337
    }
  },
  "Huber": {
    "train": {
      "rmse": 2.6169019087804544,
      "mae": 1.8539364927697728,
      "r2": 0.6364767100990302,
      "mape": 2.4183868242940747
    },
    "test": {
      "rmse": 2.2439157982644913,
      "mae": 1.7084895434188458,
      "r2": 0.6591114864559036,
      "mape": 2.1207304169761683
    }
  },
  "BayesianRidge": {
    "train": {
      "rmse": 2.5988002879685763,
      "mae": 1.91142699677268,
      "r2": 0.6414884393570628,
      "mape": 2.4968176808736446
    },
    "test": {
      "rmse": 2.2856909754599966,
      "mae": 1.7139803931291282,
      "r2": 0.6463006331748273,
      "mape": 2.131816519483912
    }
  },
  "SVR": {
    "train": {
      "rmse": 3.1938985512885125,
      "mae": 2.341759222369674,
      "r2": 0.4584985960522925,
      "mape": 3.0576772520190145
    },
    "test": {
      "rmse": 4.672557243044614,
      "mae": 3.7210574424937093,
      "r2": -0.4781159941686681,
      "mape": 4.536321327927091
    }
  },
  "Random Forest": {
    "train": {
      "rmse": 2.9463151304426947,
      "mae": 2.202187624430693,
      "r2": 0.5391965263769891,
      "mape": 2.872849752184576
    },
    "test": {
      "rmse": 4.022056168596984,
      "mae": 3.1137216745607645,
      "r2": -0.09520525202478702,
      "mape": 3.7904805701129187
    }
  },
  "XGBoost": {
    "train": {
      "rmse": 2.7063104608240827,
      "mae": 1.9997414177032522,
      "r2": 0.6112122392579945,
      "mape": 2.610192236145005
    },
    "test": {
      "rmse": 3.5264812411229363,
      "mae": 2.6523875928904914,
      "r2": 0.15805754155561103,
      "mape": 3.2297614033148596
    }
  },
  "LightGBM": {
    "train": {
      "rmse": 2.7284587809096377,
      "mae": 2.0231442409342173,
      "r2": 0.6048225571489496,
      "mape": 2.6396410066231635
    },
    "test": {
      "rmse": 3.6576250153393293,
      "mae": 2.767411429519192,
      "r2": 0.09427237696615298,
      "mape": 3.367469091594851
    }
  },
  "Lasso Tuned": {
    "train": {
      "rmse": 2.699681582056761,
      "mae": 1.9405015622367072,
      "r2": 0.6131145122009201,
      "mape": 2.534856723238376
    },
    "test": {
      "rmse": 2.395595463270241,
      "mae": 1.8022643869511346,
      "r2": 0.6114685140144236,
      "mape": 2.256425605825622
    }
  },
  "ElasticNet Tuned": {
    "train": {
      "rmse": 2.6908519633151813,
      "mae": 1.9429486253369046,
      "r2": 0.6156410805802404,
      "mape": 2.5393114117528244
    },
    "test": {
      "rmse": 2.269665877847198,
      "mae": 1.6816200017538914,
      "r2": 0.6512428562352663,
      "mape": 2.094764246755147
    }
  },
  "Ridge Tuned": {
    "train": {
      "rmse": 2.6977536805125255,
      "mae": 1.9557229800297524,
      "r2": 0.6136668816438622,
      "mape": 2.55662555706351
    },
    "test": {
      "rmse": 2.2507110202408924,
      "mae": 1.6866337934112874,
      "r2": 0.6570437435371347,
      "mape": 2.093764378102053
    }
  },
  "Huber Tuned": {
    "train": {
      "rmse": 2.686966470461841,
      "mae": 1.8933378211687273,
      "r2": 0.6167502799192477,
      "mape": 2.4717279173422737
    },
    "test": {
      "rmse": 2.210894883300981,
      "mae": 1.671366882057142,
      "r2": 0.6690705295199086,
      "mape": 2.0688796621809797
    }
  },
  "Ensemble": {
    "train": {
      "rmse": 2.6844924548088014,
      "mae": 1.9191917143643598,
      "r2": 0.6174557068805645,
      "mape": 2.506855154423256
    },
    "test": {
      "rmse": 2.2530041582156306,
      "mae": 1.6738484708985524,
      "r2": 0.6563445452449168,
      "mape": 2.0843791060014274
    }
  }
}